{"data_time": 0.000929562500001424, "eta_seconds": 378.1330233600002, "fast_rcnn/cls_accuracy": 0.22265625, "fast_rcnn/false_negative": 0.11672850958565245, "fast_rcnn/fg_cls_accuracy": 0.0, "iteration": 19, "loss_box_reg": 0.1589755266904831, "loss_cls": 2.711059808731079, "loss_rpn_cls": 0.03983232006430626, "loss_rpn_loc": 0.009435337502509356, "lr": 4.7702500000000006e-05, "roi_head/num_bg_samples": 487.75, "roi_head/num_fg_samples": 24.25, "rpn/num_neg_anchors": 248.5, "rpn/num_pos_anchors": 7.5, "time": 4.726662792000003, "total_loss": 2.9416228244663216}
{"data_time": 0.000687437499991006, "eta_seconds": 283.59976752000017, "fast_rcnn/cls_accuracy": 0.96337890625, "fast_rcnn/false_negative": 1.0, "fast_rcnn/fg_cls_accuracy": 0.0, "iteration": 39, "loss_box_reg": 0.1403069719672203, "loss_cls": 1.1481859683990479, "loss_rpn_cls": 0.037381354719400406, "loss_rpn_loc": 0.01288018049672246, "lr": 9.76525e-05, "roi_head/num_bg_samples": 493.25, "roi_head/num_fg_samples": 18.75, "rpn/num_neg_anchors": 247.75, "rpn/num_pos_anchors": 8.25, "time": 5.0026941255, "total_loss": 1.4435257517761784}
{"data_time": 0.0007329994999878409, "eta_seconds": 197.69351334000035, "fast_rcnn/cls_accuracy": 0.96484375, "fast_rcnn/false_negative": 1.0, "fast_rcnn/fg_cls_accuracy": 0.0, "iteration": 59, "loss_box_reg": 0.1449037864804268, "loss_cls": 0.25377728044986725, "loss_rpn_cls": 0.02051258273422718, "loss_rpn_loc": 0.009714228101074696, "lr": 0.0001476025, "roi_head/num_bg_samples": 494.0, "roi_head/num_fg_samples": 18.0, "rpn/num_neg_anchors": 250.75, "rpn/num_pos_anchors": 5.25, "time": 5.044861312500018, "total_loss": 0.40100578631972894}
{"eta_seconds": 111.08933396600034, "fast_rcnn/cls_accuracy": 0.9619140625, "fast_rcnn/false_negative": 1.0, "fast_rcnn/fg_cls_accuracy": 0.0, "iteration": 76, "roi_head/num_bg_samples": 492.5, "roi_head/num_fg_samples": 19.5, "rpn/num_neg_anchors": 247.75, "rpn/num_pos_anchors": 8.25}
{"data_time": 0.0006816249999985757, "iteration": 75, "loss_box_reg": 0.1610027551651001, "loss_cls": 0.2732654809951782, "loss_rpn_cls": 0.02814627531915903, "loss_rpn_loc": 0.009862102568149567, "lr": 0.00018756249999999999, "time": 5.1292943545000185, "total_loss": 0.4163584136404097}
{"data_time": 0.0011228749999983023, "fast_rcnn/cls_accuracy": 0.0263671875, "fast_rcnn/false_negative": 0.0, "fast_rcnn/fg_cls_accuracy": 0.0, "iteration": 5, "loss_box_reg": 0.12269055843353271, "loss_cls": 2.825212240219116, "loss_rpn_cls": 0.005899811047129333, "loss_rpn_loc": 0.00922236405313015, "lr": 1.2737500000000001e-05, "roi_head/num_bg_samples": 496.25, "roi_head/num_fg_samples": 15.75, "rpn/num_neg_anchors": 252.0, "rpn/num_pos_anchors": 4.0, "time": 4.8495312915, "total_loss": 2.9912747571070213}
{"eta_seconds": 451.0064101095, "iteration": 6}
{"data_time": 0.0010641460000009317, "eta_seconds": 445.64556331999995, "fast_rcnn/cls_accuracy": 0.62548828125, "fast_rcnn/false_negative": 0.49964936886395517, "fast_rcnn/fg_cls_accuracy": 0.0, "iteration": 19, "loss_box_reg": 0.12478680163621902, "loss_cls": 2.5553795099258423, "loss_rpn_cls": 0.024620947428047657, "loss_rpn_loc": 0.008883283706381917, "lr": 4.7702500000000006e-05, "roi_head/num_bg_samples": 494.75, "roi_head/num_fg_samples": 17.25, "rpn/num_neg_anchors": 249.5, "rpn/num_pos_anchors": 6.5, "time": 5.570569541499999, "total_loss": 2.791335416433867}
{"data_time": 0.0007624169999900232, "eta_seconds": 329.1498712200006, "fast_rcnn/cls_accuracy": 0.962890625, "fast_rcnn/false_negative": 1.0, "fast_rcnn/fg_cls_accuracy": 0.0, "iteration": 39, "loss_box_reg": 0.14625493437051773, "loss_cls": 0.9888772964477539, "loss_rpn_cls": 0.011309122666716576, "loss_rpn_loc": 0.006160834571346641, "lr": 9.76525e-05, "roi_head/num_bg_samples": 493.0, "roi_head/num_fg_samples": 19.0, "rpn/num_neg_anchors": 250.0, "rpn/num_pos_anchors": 6.0, "time": 4.561018437499996, "total_loss": 1.2392267618561164}
{"data_time": 0.0007530835000011393, "eta_seconds": 189.84597917999992, "fast_rcnn/cls_accuracy": 0.96142578125, "fast_rcnn/false_negative": 1.0, "fast_rcnn/fg_cls_accuracy": 0.0, "iteration": 59, "loss_box_reg": 0.13566794991493225, "loss_cls": 0.2602803558111191, "loss_rpn_cls": 0.029463576152920723, "loss_rpn_loc": 0.010560347232967615, "lr": 0.0001476025, "roi_head/num_bg_samples": 492.25, "roi_head/num_fg_samples": 19.75, "rpn/num_neg_anchors": 249.0, "rpn/num_pos_anchors": 7.0, "time": 4.001804646499991, "total_loss": 0.5130721433088183}
{"data_time": 0.0007585839999819655, "eta_seconds": 93.83855709000002, "fast_rcnn/cls_accuracy": 0.9775390625, "fast_rcnn/false_negative": 1.0, "fast_rcnn/fg_cls_accuracy": 0.0, "iteration": 79, "loss_box_reg": 0.08163460716605186, "loss_cls": 0.14873795956373215, "loss_rpn_cls": 0.03378794528543949, "loss_rpn_loc": 0.008764548692852259, "lr": 0.00019755250000000002, "roi_head/num_bg_samples": 500.5, "roi_head/num_fg_samples": 11.5, "rpn/num_neg_anchors": 250.5, "rpn/num_pos_anchors": 5.5, "time": 4.591386916499971, "total_loss": 0.29159095374052413}
{"data_time": 0.0007114380000246001, "fast_rcnn/cls_accuracy": 0.978515625, "fast_rcnn/false_negative": 1.0, "fast_rcnn/fg_cls_accuracy": 0.0, "iteration": 88, "loss_box_reg": 0.07266491279006004, "loss_cls": 0.13328993320465088, "loss_rpn_cls": 0.03254677169024944, "loss_rpn_loc": 0.007840617094188929, "lr": 0.00022003000000000002, "roi_head/num_bg_samples": 501.0, "roi_head/num_fg_samples": 11.0, "rpn/num_neg_anchors": 250.75, "rpn/num_pos_anchors": 5.25, "time": 5.226133271000009, "total_loss": 0.2632426096824929}
{"eta_seconds": 47.559166249999976, "iteration": 89}
{"eta_seconds": 512.2575704000004, "fast_rcnn/cls_accuracy": 0.0003255208333333333, "fast_rcnn/false_negative": 0.0, "fast_rcnn/fg_cls_accuracy": 0.010697940503432493, "iteration": 3, "roi_head/num_bg_samples": 493.9166666666667, "roi_head/num_fg_samples": 18.083333333333332, "rpn/num_neg_anchors": 247.83333333333331, "rpn/num_pos_anchors": 8.166666666666668}
{"data_time": 0.0033941999999989036, "iteration": 2, "loss_box_reg": 0.11945013701915741, "loss_cls": 3.2759170532226562, "loss_rpn_cls": 0.06123882532119751, "loss_rpn_loc": 0.016376793384552002, "lr": 1.915e-06, "time": 1.7305999000000014, "total_loss": 3.473725698888302}
{"eta_seconds": 414.618016, "fast_rcnn/cls_accuracy": 0.0013020833333333333, "fast_rcnn/false_negative": 0.006535947712418301, "fast_rcnn/fg_cls_accuracy": 0.008583690987124463, "iteration": 4, "roi_head/num_bg_samples": 484.3333333333333, "roi_head/num_fg_samples": 27.666666666666668, "rpn/num_neg_anchors": 244.66666666666666, "rpn/num_pos_anchors": 11.333333333333334}
{"data_time": 0.4726417500000002, "iteration": 3, "loss_box_reg": 0.19833529740571976, "loss_cls": 3.234955668449402, "loss_rpn_cls": 0.1739146187901497, "loss_rpn_loc": 0.02562476322054863, "lr": 2.7475e-06, "time": 1.4054848, "total_loss": 3.649811062961817}
